subreddit,author,date,post,automated_readability_index,coleman_liau_index,flesch_kincaid_grade_level,flesch_reading_ease,gulpease_index,gunning_fog_index,lix,smog_index,wiener_sachtextformel,n_chars,n_long_words,n_monosyllable_words,n_polysyllable_words,n_sents,n_syllables,n_unique_words,n_words,sent_neg,sent_neu,sent_pos,sent_compound,economic_stress_total,isolation_total,substance_use_total,guns_total,domestic_stress_total,suicidality_total,punctuation,liwc_1st_pers,liwc_2nd_pers,liwc_3rd_pers,liwc_achievement,liwc_adverbs,liwc_affective_processes,liwc_anger,liwc_anxiety,liwc_articles_article,liwc_assent,liwc_auxiliary_verbs,liwc_biological,liwc_body,liwc_causation,liwc_certainty,liwc_cognitive,liwc_common_verbs,liwc_conjunctions,liwc_death,liwc_discrepancy,liwc_exclusive,liwc_family,liwc_feel,liwc_fillers,liwc_friends,liwc_future_tense,liwc_health,liwc_hear,liwc_home,liwc_humans,liwc_impersonal_pronouns,liwc_inclusive,liwc_ingestion,liwc_inhibition,liwc_insight,liwc_leisure,liwc_money,liwc_motion,liwc_negations,liwc_negative_emotion,liwc_nonfluencies,liwc_numbers,liwc_past_tense,liwc_perceptual_processes,liwc_personal_pronouns,liwc_positive_emotion,liwc_prepositions,liwc_present_tense,liwc_quantifiers,liwc_relativity,liwc_religion,liwc_sadness,liwc_see,liwc_sexual,liwc_social_processes,liwc_space,liwc_swear_words,liwc_tentative,liwc_time,liwc_total_functional,liwc_total_pronouns,liwc_work,tfidf_abl,tfidf_abus,tfidf_actual,tfidf_addict,tfidf_adhd,tfidf_advic,tfidf_ago,tfidf_alcohol,tfidf_almost,tfidf_alon,tfidf_alreadi,tfidf_also,tfidf_alway,tfidf_amp,tfidf_amp x200b,tfidf_ani,tfidf_anoth,tfidf_anxieti,tfidf_anxious,tfidf_anymor,tfidf_anyon,tfidf_anyon els,tfidf_anyth,tfidf_around,tfidf_ask,tfidf_attack,tfidf_away,tfidf_back,tfidf_bad,tfidf_becaus,tfidf_becom,tfidf_befor,tfidf_believ,tfidf_best,tfidf_better,tfidf_bit,tfidf_bodi,tfidf_bpd,tfidf_brain,tfidf_call,tfidf_came,tfidf_care,tfidf_caus,tfidf_chang,tfidf_come,tfidf_complet,tfidf_constant,tfidf_control,tfidf_could,tfidf_coupl,tfidf_cri,tfidf_day,tfidf_deal,tfidf_depress,tfidf_diagnos,tfidf_die,tfidf_differ,tfidf_disord,tfidf_doctor,tfidf_doe,tfidf_done,tfidf_dont,tfidf_drink,tfidf_drug,tfidf_eat,tfidf_els,tfidf_emot,tfidf_end,tfidf_enough,tfidf_etc,tfidf_even,tfidf_ever,tfidf_everi,tfidf_everyon,tfidf_everyth,tfidf_experi,tfidf_famili,tfidf_fear,tfidf_feel,tfidf_feel like,tfidf_felt,tfidf_final,tfidf_find,tfidf_first,tfidf_food,tfidf_found,tfidf_friend,tfidf_fuck,tfidf_get,tfidf_give,tfidf_go,tfidf_good,tfidf_got,tfidf_great,tfidf_guess,tfidf_guy,tfidf_happen,tfidf_happi,tfidf_hard,tfidf_hate,tfidf_head,tfidf_health,tfidf_hear,tfidf_heart,tfidf_help,tfidf_high,tfidf_home,tfidf_hope,tfidf_hour,tfidf_hous,tfidf_hurt,tfidf_idea,tfidf_im,tfidf_issu,tfidf_job,tfidf_keep,tfidf_kill,tfidf_kind,tfidf_know,tfidf_last,tfidf_late,tfidf_leav,tfidf_left,tfidf_let,tfidf_life,tfidf_like,tfidf_littl,tfidf_live,tfidf_long,tfidf_look,tfidf_lose,tfidf_lost,tfidf_lot,tfidf_love,tfidf_made,tfidf_make,tfidf_mani,tfidf_mayb,tfidf_mean,tfidf_med,tfidf_medic,tfidf_mental,tfidf_might,tfidf_mind,tfidf_mom,tfidf_month,tfidf_move,tfidf_much,tfidf_need,tfidf_never,tfidf_new,tfidf_next,tfidf_night,tfidf_normal,tfidf_noth,tfidf_notic,tfidf_old,tfidf_onc,tfidf_one,tfidf_onli,tfidf_pain,tfidf_panic,tfidf_parent,tfidf_part,tfidf_past,tfidf_peopl,tfidf_person,tfidf_place,tfidf_pleas,tfidf_point,tfidf_possibl,tfidf_post,tfidf_pretti,tfidf_probabl,tfidf_problem,tfidf_ptsd,tfidf_put,tfidf_question,tfidf_quit,tfidf_read,tfidf_real,tfidf_realli,tfidf_reason,tfidf_recent,tfidf_relationship,tfidf_rememb,tfidf_right,tfidf_said,tfidf_say,tfidf_scare,tfidf_school,tfidf_see,tfidf_seem,tfidf_self,tfidf_sever,tfidf_shit,tfidf_sinc,tfidf_situat,tfidf_sleep,tfidf_social,tfidf_someon,tfidf_someth,tfidf_sometim,tfidf_sorri,tfidf_start,tfidf_stay,tfidf_still,tfidf_stop,tfidf_stress,tfidf_struggl,tfidf_stuff,tfidf_suicid,tfidf_support,tfidf_sure,tfidf_symptom,tfidf_take,tfidf_talk,tfidf_tell,tfidf_thank,tfidf_therapi,tfidf_therapist,tfidf_thing,tfidf_think,tfidf_though,tfidf_thought,tfidf_time,tfidf_tire,tfidf_today,tfidf_told,tfidf_took,tfidf_tri,tfidf_turn,tfidf_two,tfidf_understand,tfidf_us,tfidf_use,tfidf_usual,tfidf_veri,tfidf_want,tfidf_way,tfidf_week,tfidf_weight,tfidf_well,tfidf_went,tfidf_whi,tfidf_whole,tfidf_wish,tfidf_without,tfidf_wonder,tfidf_work,tfidf_worri,tfidf_wors,tfidf_would,tfidf_wrong,tfidf_x200b,tfidf_year
depression,LivinPenguin,2019/07/29,"Anyone got any good spotify playlists to zone out to or just listen? If anyone wants playlists other than spotify yall can just comment what you have, but I only have spotify.",6.944545454545455,7.529027242424245,6.935909090909089,74.72386363636366,64.45454545454545,10.236363636363636,34.68181818181819,10.125756701596842,3.6228909090909087,141,6,24,3,2,45,26,33,0.0,0.939,0.061,0.2382,0,0,0,0,0,0,3.0,0,2,0,0,2,1,0,0,0,0,3,0,0,0,0,7,6,3,0,2,5,0,0,0,0,0,0,1,0,0,2,1,0,0,0,0,0,0,0,0,0,0,1,1,3,1,4,5,0,1,0,0,0,0,4,1,0,2,0,17,5,0,0.0,0.0,0.0,0.0,0.0,0.0,0.0,0.0,0.0,0.0,0.0,0.0,0.0,0.0,0.0,0.3140912120365941,0.0,0.0,0.0,0.0,0.6459082466813051,0.0,0.0,0.0,0.0,0.0,0.0,0.0,0.0,0.0,0.0,0.0,0.0,0.0,0.0,0.0,0.0,0.0,0.0,0.0,0.0,0.0,0.0,0.0,0.0,0.0,0.0,0.0,0.0,0.0,0.0,0.0,0.0,0.0,0.0,0.0,0.0,0.0,0.0,0.0,0.0,0.0,0.0,0.0,0.0,0.0,0.0,0.0,0.0,0.0,0.0,0.0,0.0,0.0,0.0,0.0,0.0,0.0,0.0,0.0,0.0,0.0,0.0,0.0,0.0,0.0,0.0,0.0,0.0,0.0,0.0,0.38739929737017,0.3694040700567906,0.0,0.0,0.0,0.0,0.0,0.0,0.0,0.0,0.0,0.0,0.0,0.0,0.0,0.0,0.0,0.0,0.0,0.0,0.0,0.0,0.0,0.0,0.0,0.0,0.0,0.0,0.0,0.0,0.0,0.0,0.0,0.0,0.0,0.0,0.0,0.0,0.0,0.0,0.0,0.0,0.0,0.0,0.0,0.0,0.0,0.0,0.0,0.0,0.0,0.0,0.0,0.0,0.0,0.0,0.0,0.0,0.0,0.0,0.0,0.0,0.0,0.0,0.0,0.0,0.0,0.0,0.3512771682919621,0.0,0.0,0.0,0.0,0.0,0.0,0.0,0.0,0.0,0.0,0.0,0.0,0.0,0.0,0.0,0.0,0.0,0.0,0.0,0.0,0.0,0.0,0.0,0.0,0.0,0.0,0.0,0.0,0.0,0.0,0.0,0.0,0.0,0.0,0.0,0.0,0.0,0.0,0.0,0.0,0.0,0.0,0.0,0.0,0.0,0.0,0.0,0.0,0.0,0.0,0.0,0.0,0.0,0.0,0.0,0.0,0.0,0.0,0.0,0.0,0.0,0.0,0.0,0.0,0.0,0.0,0.0,0.0,0.0,0.0,0.0,0.0,0.0,0.0,0.0,0.0,0.0,0.0,0.2724261658685202,0.0,0.0,0.0,0.0,0.0,0.0,0.0,0.0,0.0,0.0,0.0,0.0,0.0,0.0,0.0,0.0,0.0
depression,jamesgrayy,2019/03/19,music does anyone have a spotify playlist they can link me to so i can have good music for bad days,1.5385714285714265,3.50079928571429,3.1145238095238104,91.43464285714286,79.95238095238095,6.104761904761905,20.02380952380953,7.1686216300943375,0.3901238095238093,79,2,17,1,2,26,18,21,0.148,0.718,0.134,-0.0865,0,0,0,0,0,0,0.0,0,0,1,0,1,2,0,0,1,0,4,0,0,0,0,1,4,1,0,0,0,0,0,0,0,0,0,0,0,0,0,0,0,0,1,0,0,0,0,1,0,0,0,0,3,1,2,4,0,1,0,0,0,0,1,0,0,0,1,11,3,0,0.0,0.0,0.0,0.0,0.0,0.0,0.0,0.0,0.0,0.0,0.0,0.0,0.0,0.0,0.0,0.0,0.0,0.0,0.0,0.0,0.3989830395084785,0.0,0.0,0.0,0.0,0.0,0.0,0.0,0.4764346321509178,0.0,0.0,0.0,0.0,0.0,0.0,0.0,0.0,0.0,0.0,0.0,0.0,0.0,0.0,0.0,0.0,0.0,0.0,0.0,0.0,0.0,0.0,0.3679955622377612,0.0,0.0,0.0,0.0,0.0,0.0,0.0,0.4993437303390989,0.0,0.0,0.0,0.0,0.0,0.0,0.0,0.0,0.0,0.0,0.0,0.0,0.0,0.0,0.0,0.0,0.0,0.0,0.0,0.0,0.0,0.0,0.0,0.0,0.0,0.0,0.0,0.0,0.0,0.0,0.0,0.4785997081237546,0.0,0.0,0.0,0.0,0.0,0.0,0.0,0.0,0.0,0.0,0.0,0.0,0.0,0.0,0.0,0.0,0.0,0.0,0.0,0.0,0.0,0.0,0.0,0.0,0.0,0.0,0.0,0.0,0.0,0.0,0.0,0.0,0.0,0.0,0.0,0.0,0.0,0.0,0.0,0.0,0.0,0.0,0.0,0.0,0.0,0.0,0.0,0.0,0.0,0.0,0.0,0.0,0.0,0.0,0.0,0.0,0.0,0.0,0.0,0.0,0.0,0.0,0.0,0.0,0.0,0.0,0.0,0.0,0.0,0.0,0.0,0.0,0.0,0.0,0.0,0.0,0.0,0.0,0.0,0.0,0.0,0.0,0.0,0.0,0.0,0.0,0.0,0.0,0.0,0.0,0.0,0.0,0.0,0.0,0.0,0.0,0.0,0.0,0.0,0.0,0.0,0.0,0.0,0.0,0.0,0.0,0.0,0.0,0.0,0.0,0.0,0.0,0.0,0.0,0.0,0.0,0.0,0.0,0.0,0.0,0.0,0.0,0.0,0.0,0.0,0.0,0.0,0.0,0.0,0.0,0.0,0.0,0.0,0.0,0.0,0.0,0.0,0.0,0.0,0.0,0.0,0.0,0.0,0.0,0.0,0.0,0.0,0.0,0.0,0.0,0.0,0.0,0.0,0.0,0.0,0.0,0.0,0.0,0.0,0.0,0.0,0.0,0.0,0.0
depression,captaintor,2018/11/29,"Songs that you think really understand/represent depression? I like finding songs that feel like they hold a mirror up to my depression--it helps me understand and express my own issues better. Please share your favorites so I can add to my playlist.

Personally, I love:

The World Spins Madly On, *The Weepies* [https://open.spotify.com/track/0bAM9qivrntXnHyklRRx39?si=TYSEKeUSRDen0RLBXjgjqQ](https://open.spotify.com/track/0bAM9qivrntXnHyklRRx39?si=TYSEKeUSRDen0RLBXjgjqQ)

A Better Son/Daughter, *Rilo Kiley* [https://open.spotify.com/track/71sC9gVXaFRwAMHJyQO8al?si=5k2ezjecTsWYnjC3\_8v4YQ](https://open.spotify.com/track/71sC9gVXaFRwAMHJyQO8al?si=5k2ezjecTsWYnjC3_8v4YQ)

Liability, *Lorde* [https://open.spotify.com/track/4JyLFq2mHC8JPFTXHwYPWD?si=0PLIzi8fS3KuzWAm1G3U9Q](https://open.spotify.com/track/4JyLFq2mHC8JPFTXHwYPWD?si=0PLIzi8fS3KuzWAm1G3U9Q)

Vienna, *Billy Joel* [https://open.spotify.com/track/4U45aEWtQhrm8A5mxPaFZ7?si=JYzGA0tISxuOF2FQtxrC\_w](https://open.spotify.com/track/4U45aEWtQhrm8A5mxPaFZ7?si=JYzGA0tISxuOF2FQtxrC_w)

Vice, *Miranda Lambert* [https://open.spotify.com/track/63lHuquEopEUiwPy6VLxlb?si=3c-UJBFWRHeWEZGGsrokaA](https://open.spotify.com/track/63lHuquEopEUiwPy6VLxlb?si=3c-UJBFWRHeWEZGGsrokaA)

Space, *Maren Morris* [https://open.spotify.com/track/3lsJh2SgDAlL4f5nUW3jv7?si=9ZnruMYvQoug9W9b7xwiIQ](https://open.spotify.com/track/3lsJh2SgDAlL4f5nUW3jv7?si=9ZnruMYvQoug9W9b7xwiIQ)

&amp;#x200B;",59.29884615384616,73.84676125641026,24.405705128205128,-74.12528846153846,13.358974358974349,9.505128205128209,31.4551282051282,7.793537801064563,5.325451282051283,1310,22,47,16,24,256,65,78,0.091,0.625,0.284,0.951,0,0,0,0,0,0,167.0,0,2,1,2,1,8,1,0,4,0,1,1,0,0,0,7,5,2,0,0,0,0,1,2,0,0,0,2,0,1,2,2,0,1,4,2,0,0,0,2,0,0,0,3,10,6,4,5,1,4,1,1,0,1,8,4,0,0,2,24,12,0,0.0,0.0,0.0,0.0,0.0,0.0,0.0,0.0,0.0,0.0,0.0,0.0,0.0,0.2420946719205309,0.2715012814008421,0.0,0.0,0.0,0.0,0.0,0.0,0.0,0.0,0.0,0.0,0.0,0.0,0.0,0.0,0.0,0.0,0.0,0.0,0.0,0.3952250046340671,0.0,0.0,0.0,0.0,0.0,0.0,0.0,0.0,0.0,0.0,0.0,0.0,0.0,0.0,0.0,0.0,0.0,0.0,0.1924465773730375,0.0,0.0,0.0,0.0,0.0,0.0,0.0,0.0,0.0,0.0,0.0,0.0,0.0,0.0,0.0,0.0,0.0,0.0,0.0,0.0,0.0,0.0,0.0,0.0,0.1129768227551709,0.1596239489460188,0.0,0.0,0.2042180244965146,0.0,0.0,0.0,0.0,0.0,0.0,0.0,0.0,0.0,0.0,0.0,0.0,0.0,0.0,0.0,0.0,0.0,0.0,0.0,0.0,0.0,0.1497655911611159,0.0,0.0,0.0,0.0,0.0,0.0,0.0,0.0,0.2332109245492595,0.0,0.0,0.0,0.0,0.0,0.0,0.0,0.0,0.0,0.0,0.0,0.2183207635124568,0.0,0.0,0.0,0.0,0.0,0.0,0.0,0.2016612622690554,0.0,0.0,0.0,0.0,0.0,0.0,0.0,0.0,0.0,0.0,0.0,0.0,0.0,0.0,0.0,0.0,0.0,0.0,0.0,0.0,0.0,0.0,0.0,0.0,0.0,0.0,0.0,0.0,0.0,0.0,0.0,0.0,0.195097195205305,0.0,0.2452675150668108,0.0,0.0,0.0,0.0,0.0,0.0,0.0,0.0,0.0,0.0,0.0,0.0,0.1431399223109238,0.0,0.0,0.0,0.0,0.0,0.0,0.0,0.0,0.0,0.0,0.0,0.0,0.0,0.0,0.0,0.0,0.0,0.0,0.0,0.0,0.0,0.0,0.0,0.0,0.0,0.0,0.0,0.0,0.0,0.0,0.0,0.0,0.0,0.0,0.0,0.0,0.0,0.0,0.0,0.0,0.1431698663848708,0.0,0.0,0.0,0.0,0.0,0.0,0.0,0.0,0.0,0.0,0.4652130845933176,0.0,0.0,0.0,0.0,0.0,0.0,0.0,0.0,0.0,0.0,0.0,0.0,0.0,0.0,0.0,0.0,0.0,0.0,0.0,0.0,0.2715012814008421,0.0
depression,alyxi33,2019/03/08,"For anyone who needs it... ...you are worthy. You are loved. You are beautiful. You are courageous. You are strong. It may not seem like it now, but I promise one day it will. You can endure, you can win. One day at a time. You can do it! [The world wouldnâ€™t be the same without you in it. ](https://open.spotify.com/track/5tz69p7tJuGPeMGwNTxYuV?si=Yk7N4TtHTqusqGIDaE_RiQ)

You are human, and that is a beautiful, beautiful thing to be. 

No matter when, 24/7, if youâ€™re struggling and afraid or just need an ear, Iâ€™m a message away!",3.0127295285359814,6.111711827956992,2.552688172043013,89.50287841191069,86.63440860215053,4.581968569065342,16.831265508684865,6.297961479604792,-0.3691995037220845,412,9,79,4,13,121,61,93,0.071,0.647,0.282,0.9742,0,0,0,0,0,0,39.0,0,10,0,2,3,8,0,2,6,0,16,2,1,0,0,15,21,6,0,4,6,0,0,1,0,3,0,1,0,1,9,2,0,0,1,0,0,0,4,2,0,2,0,1,11,6,6,16,1,9,0,0,0,1,14,4,0,4,6,61,20,0,0.0,0.0,0.0,0.0,0.0,0.0,0.0,0.0,0.0,0.0,0.0,0.0,0.0,0.0,0.0,0.0,0.0,0.0,0.0,0.0,0.2039257851395146,0.0,0.0,0.0,0.0,0.0,0.2740111797592397,0.0,0.0,0.0,0.0,0.0,0.0,0.0,0.0,0.0,0.0,0.0,0.0,0.0,0.0,0.0,0.0,0.0,0.0,0.0,0.0,0.0,0.0,0.0,0.0,0.3761753083521629,0.0,0.0,0.0,0.0,0.0,0.0,0.0,0.0,0.0,0.0,0.0,0.0,0.0,0.0,0.0,0.0,0.0,0.0,0.0,0.0,0.0,0.0,0.0,0.0,0.0,0.0,0.0,0.0,0.0,0.0,0.0,0.0,0.0,0.0,0.0,0.0,0.0,0.0,0.0,0.0,0.0,0.0,0.0,0.0,0.0,0.0,0.0,0.0,0.0,0.0,0.0,0.0,0.0,0.0,0.0,0.0,0.0,0.0,0.0,0.0,0.0,0.0,0.0,0.0,0.0,0.0,0.0,0.0,0.0,0.0,0.0,0.0,0.0,0.1424835884173936,0.0,0.0,0.0,0.0,0.0,0.0,0.0,0.2632220575871769,0.0,0.0,0.0,0.0,0.0,0.0,0.0,0.0,0.0,0.0,0.0,0.0,0.0,0.0,0.4325038834056625,0.0,0.0,0.0,0.0,0.0,0.0,0.0,0.0,0.0,0.3952539891156686,0.0,0.0,0.0,0.0,0.0,0.0,0.0,0.0,0.0,0.0,0.0,0.0,0.0,0.0,0.0,0.0,0.0,0.0,0.0,0.0,0.0,0.0,0.0,0.0,0.0,0.0,0.0,0.0,0.0,0.0,0.0,0.0,0.0,0.2655037222613421,0.0,0.0,0.0,0.0,0.0,0.0,0.0,0.0,0.0,0.0,0.0,0.0,0.0,0.0,0.0,0.0,0.3048919029932625,0.0,0.0,0.0,0.0,0.0,0.0,0.0,0.0,0.0,0.0,0.0,0.1937567580557847,0.0,0.0,0.0,0.1700612287214753,0.0,0.0,0.0,0.0,0.0,0.0,0.0,0.0,0.0,0.0,0.0,0.0,0.0,0.0,0.0,0.0,0.0,0.0,0.0,0.0,0.0,0.2811365031701828,0.0,0.0,0.0,0.0,0.0,0.0,0.0,0.0
depression,Wasthereonce,2019/07/16,"I made a Hip Hop playlist called ""Lamenting &amp; Sad Hip Hop"". It's helped me through tough times, so maybe it can help you too. [The Playlist](https://open.spotify.com/user/9jif2jecb7qpfw25qyz20c9ed/playlist/2Ka8i0P9BGogjccGz0FiE5?si=-p9yt61-QLqQhbqS2uED1w)

Hip Hop has helped me get through a lot of rough patches in my life. I've been listening to it for 10+ years, so I hope this playlist can really help anyone dealing with depression or anxiety like I am.",10.759166666666664,13.34039991666667,5.267666666666667,82.944,56.77777777777778,9.093333333333334,32.45555555555556,9.3871,2.7165688888888893,382,13,61,6,5,93,55,72,0.1669999999999999,0.6829999999999999,0.15,-0.0922,0,0,0,0,0,0,28.0,0,1,0,0,3,5,0,0,3,0,5,4,3,1,0,5,9,3,0,1,1,0,1,1,0,0,1,1,0,0,4,1,0,0,0,0,0,0,0,3,0,0,2,2,7,2,7,7,1,3,0,2,0,0,8,1,0,3,3,31,11,0,0.0,0.0,0.0,0.0,0.0,0.0,0.0,0.0,0.0,0.0,0.0,0.0,0.0,0.2548640233193917,0.0,0.0,0.0,0.1799449519391167,0.0,0.0,0.1644733915135026,0.0,0.0,0.0,0.0,0.0,0.0,0.0,0.0,0.0,0.0,0.0,0.0,0.0,0.0,0.0,0.0,0.0,0.0,0.2401889835395265,0.0,0.0,0.0,0.0,0.0,0.0,0.0,0.0,0.0,0.0,0.0,0.0,0.2425045854341752,0.202597226094423,0.0,0.0,0.0,0.0,0.0,0.0,0.0,0.0,0.0,0.0,0.0,0.0,0.0,0.0,0.0,0.0,0.0,0.0,0.0,0.0,0.0,0.0,0.0,0.0,0.0,0.0,0.0,0.0,0.0,0.0,0.0,0.0,0.0,0.0,0.1228943095564768,0.0,0.0,0.0,0.0,0.0,0.0,0.0,0.0,0.0,0.0,0.0,0.0,0.0,0.0,0.0,0.6306600771562395,0.0,0.0,0.2336295148721321,0.0,0.0,0.0,0.0,0.0,0.0,0.0,0.0,0.0,0.0,0.0,0.0,0.0,0.0,0.0,0.0,0.1661449619840671,0.1149180767208521,0.0,0.0,0.0,0.0,0.0,0.0,0.1999781838047322,0.0,0.2225736910100547,0.0,0.0,0.2363131206349291,0.0,0.0,0.0,0.0,0.0,0.0,0.0,0.0,0.0,0.0,0.0,0.0,0.0,0.0,0.0,0.0,0.0,0.0,0.0,0.0,0.0,0.0,0.0,0.0,0.0,0.0,0.0,0.0,0.0,0.0,0.0,0.0,0.0,0.0,0.0,0.0,0.0,0.0,0.0,0.0,0.0,0.0,0.0,0.1506898776762935,0.0,0.0,0.0,0.0,0.0,0.0,0.0,0.0,0.0,0.0,0.0,0.0,0.0,0.0,0.0,0.0,0.0,0.0,0.0,0.0,0.0,0.0,0.0,0.0,0.0,0.0,0.0,0.0,0.0,0.0,0.0,0.0,0.0,0.0,0.0,0.0,0.0,0.0,0.0,0.0,0.0,0.0,0.0,0.1371604235022984,0.0,0.0,0.0,0.0,0.0,0.0,0.0,0.0,0.0,0.0,0.0,0.0,0.0,0.0,0.0,0.0,0.0,0.0,0.0,0.0,0.0,0.0,0.0,0.0,0.0,0.0,0.0,0.0,0.0,0.1514759005615276
depression,Znexx,2019/04/07,"Do you have a song that spoke to you on a deeper level? I came across this one night during some of the worst days in my life so far, and the lyrics spoke to me. Might sound cliche or whatever but idk, maybe it'll help someone else too.

Dear Insecurity - Gnash &amp; Ben Abraham

https://open.spotify.com/track/08AVKNJ46gnUvr5wVCTrG5?si=nEI66hVaSBKfg9aEn-9f4g

",9.694827586206898,11.963455896551723,6.340862068965517,75.4278448275862,59.0,7.868965517241381,23.12068965517241,8.07648339933343,0.8493999999999997,294,5,50,3,4,80,53,58,0.13,0.76,0.11,0.1179,0,0,0,0,0,0,18.0,0,2,0,0,2,3,0,1,4,0,4,1,0,0,0,6,7,4,0,0,2,0,0,0,0,2,1,4,0,0,3,2,0,0,0,1,0,1,0,2,0,1,3,4,5,1,6,2,2,8,0,0,0,0,5,5,0,3,2,29,8,0,0.0,0.0,0.0,0.0,0.0,0.0,0.0,0.0,0.0,0.0,0.0,0.0,0.0,0.3665735079546845,0.0,0.0,0.0,0.0,0.0,0.0,0.0,0.0,0.0,0.0,0.0,0.0,0.0,0.0,0.0,0.0,0.0,0.0,0.0,0.0,0.0,0.0,0.0,0.0,0.0,0.0,0.3869520982651105,0.0,0.0,0.0,0.0,0.0,0.0,0.0,0.0,0.0,0.0,0.2181907502724789,0.0,0.0,0.0,0.0,0.0,0.0,0.0,0.0,0.0,0.0,0.0,0.0,0.0,0.2826259771950764,0.0,0.0,0.0,0.0,0.0,0.0,0.0,0.0,0.0,0.0,0.0,0.0,0.0,0.0,0.0,0.0,0.0,0.0,0.0,0.0,0.0,0.0,0.0,0.0,0.0,0.0,0.0,0.0,0.0,0.0,0.0,0.0,0.0,0.0,0.0,0.0,0.0,0.0,0.2267711952820616,0.0,0.0,0.0,0.0,0.0,0.0,0.0,0.0,0.0,0.0,0.0,0.0,0.0,0.0,0.0,0.0,0.0,0.0,0.0,0.2389679828100837,0.0,0.0,0.0,0.0,0.0,0.0,0.0,0.0,0.0,0.0,0.0,0.0,0.3398915565980295,0.0,0.0,0.0,0.0,0.3589079028693574,0.0,0.0,0.0,0.0,0.0,0.0,0.0,0.0,0.0,0.3174938047923695,0.0,0.0,0.0,0.0,0.0,0.2292568451957037,0.0,0.0,0.0,0.0,0.0,0.0,0.0,0.0,0.0,0.0,0.0,0.0,0.0,0.0,0.0,0.0,0.0,0.0,0.0,0.0,0.0,0.0,0.0,0.0,0.0,0.0,0.0,0.0,0.0,0.0,0.0,0.0,0.0,0.0,0.0,0.0,0.0,0.0,0.0,0.0,0.0,0.2866605108255697,0.0,0.0,0.0,0.0,0.0,0.0,0.0,0.0,0.0,0.0,0.0,0.0,0.0,0.0,0.0,0.0,0.0,0.0,0.0,0.0,0.0,0.0,0.0,0.0,0.0,0.0,0.0,0.0,0.0,0.0,0.0,0.0,0.0,0.0,0.0,0.0,0.0,0.0,0.0,0.0,0.0,0.0,0.0,0.0,0.0,0.0,0.0,0.0,0.0,0.0,0.0,0.0,0.0,0.0,0.0
depression,trueplaylistsforeb,2019/07/08,"This is how music will help you to get happier again ðŸŒº Hello Guy's and Girls,

I want to talk about how music can get you through tough phases of life and want to share an exciting experiment with you all to help you feel happy again.

Music is one of the most underrated tools against many problems. Depending on how we feel or how we want to feel we listen to music to put ourselves in the mood or state of mind we want be in. 

E.g. I listen to sad music when I'm feeling down and I listen to Lo-Fi or piano music for concentrating while studying. 

However, that's not it yet. Music changes our feelings too!! I'm sure most of you have already listened to sad music although you were feeling happy?! The result: Slowly you feel a bit melancholic and eventually even sad. The problem is that it strangely doesn't work the other way around (for me), so I asked my childhood friends from ''Ivanova Playlists'' to create two playlists with sad songs which constantly get happier and happier throughout the playlist. That way you don't force yourself to be happy when you're feeling depressed. Besides that, you give yourself some time to get better in a natural way.

Because we all tend to listen to different genres I will add two links for two different Spotify playlists to this post and I truly hope this experiment will help you. Please let me know if it worked out well!!

PS: I apologize if there are a few spelling mistakes in this post. I am not a native English speaker. 

&amp;#x200B;

1. The Happy Maker: Pop [https://open.spotify.com/playlist/6SxYfsOuxG4U9C2vInWA6z?si=oR\_5BgeyRtGHK1TFmBduKw](https://open.spotify.com/playlist/6SxYfsOuxG4U9C2vInWA6z?si=oR_5BgeyRtGHK1TFmBduKw)

&amp;#x200B;

2. The Happy Maker: Piano [https://open.spotify.com/playlist/5Pp1Ai8hfRdlxHKZ9z4p0t?si=OUN\_UOYQT42bKawW6gIm9g](https://open.spotify.com/playlist/5Pp1Ai8hfRdlxHKZ9z4p0t?si=OUN_UOYQT42bKawW6gIm9g)",9.827755581668628,12.888588297297304,6.491292596944772,71.44536427732079,59.60810810810811,7.715393654524091,31.11280846063455,8.321376580360154,2.4656426556991766,1560,54,219,19,23,428,161,296,0.085,0.693,0.222,0.9907,3,0,0,0,0,0,87.0,6,10,0,3,16,23,0,0,13,0,16,1,0,8,3,56,44,20,0,10,7,0,8,0,1,3,1,7,0,2,13,16,0,0,10,1,0,1,4,10,1,4,1,15,27,12,37,37,7,24,0,6,0,0,33,8,0,10,9,145,40,2,0.0,0.0,0.0,0.0,0.0,0.0,0.0,0.0,0.0,0.0,0.0973444811997464,0.0,0.0,0.1911560090841644,0.2143752318136842,0.0,0.0,0.0,0.0,0.0,0.0,0.0,0.0,0.0785276608810856,0.0824666050935072,0.0,0.0,0.0,0.0,0.0537734073947214,0.0,0.0,0.0,0.0,0.0780166225642073,0.0963049992705234,0.0,0.0,0.0,0.0,0.0,0.0,0.0,0.0933169308738224,0.0,0.0,0.0953261726152913,0.0,0.0,0.0,0.0,0.0,0.0,0.0759771361358427,0.0,0.0,0.1843261846064048,0.0,0.0,0.0,0.0,0.0,0.0,0.0,0.0,0.0,0.0,0.0,0.0,0.0,0.0582634009456463,0.0,0.0,0.0,0.0,0.1725771379313405,0.0,0.0,0.3568223684654501,0.0,0.0,0.0,0.0,0.0,0.0,0.0,0.0681526143900165,0.0,0.1843491713581732,0.0846212888539978,0.0,0.0,0.0,0.0,0.0,0.0873440588288803,0.0,0.4695182387325746,0.0,0.0,0.0,0.0,0.0,0.0,0.177380562389372,0.0,0.0,0.0876147309564743,0.0,0.0,0.0,0.0,0.0,0.0,0.0,0.0,0.0,0.0,0.0484791804060512,0.0,0.0,0.0,0.0,0.0902030668561611,0.0623069655902626,0.0,0.0,0.0,0.0,0.0,0.0,0.0,0.0,0.0,0.0,0.0,0.0894334401564967,0.0,0.0,0.0,0.0,0.0,0.0,0.0890692898697662,0.0,0.0,0.0,0.0,0.0,0.0,0.0,0.0,0.0,0.0,0.0,0.0,0.0,0.0,0.0597749464048208,0.0,0.0,0.0,0.0,0.0,0.0,0.0,0.0,0.0,0.09683063027829,0.0,0.0,0.168966023898908,0.0,0.0,0.1688145408773308,0.0,0.0886777392117699,0.0,0.0,0.0,0.0,0.0,0.0,0.0,0.0,0.0,0.0,0.0,0.0,0.0,0.0,0.0,0.0,0.0,0.0,0.0,0.0,0.0,0.0,0.0,0.0,0.0,0.0,0.0,0.0,0.0,0.0,0.0,0.0,0.0,0.0,0.0,0.0,0.0831390612799478,0.0,0.0,0.0709017159602072,0.0,0.0,0.0,0.0,0.0,0.0,0.0,0.0,0.0514373092355524,0.0,0.0,0.0,0.0,0.0,0.0,0.2585118368585453,0.0,0.0,0.0,0.0,0.0,0.2081196314074562,0.2100564849168784,0.0,0.0,0.0793134634767381,0.0,0.0,0.0,0.0,0.0,0.0,0.1284392292862899,0.0,0.0,0.0,0.0,0.2143752318136842,0.0
depression,Nimmena,2018/11/04,"Try this to lift your spirits! I have a tendency to listen to sad songs when I'm sad, which make me even worse. That's why I created a playlist full of relaxing and joyful music... But not with just any popular music... No... The real cure of saxophone jazz music. It's lowbeat and instrumental, so you can combine it with other tasks like reading. I genuinly hope it helps and lifts you up! :)

[https://open.spotify.com/user/217nfb4cg4n2bg2cotd7oekmq/playlist/2juHEGvyw7UJOmRIkd2qjB?si=wmWspDCFQE-Pal4B5otAJw](https://open.spotify.com/user/217nfb4cg4n2bg2cotd7oekmq/playlist/2juHEGvyw7UJOmRIkd2qjB?si=wmWspDCFQE-Pal4B5otAJw)

I put a lot of effort in regularly updating the playlist and carefully selecting the best songs. I would appreciate it if you clicked the follow button! :)",12.567275641025644,17.81703297115385,7.8726923076923025,54.05564102564105,60.63461538461538,8.466666666666667,27.89743589743589,9.075114841892004,3.065989743589743,655,20,77,13,12,177,75,104,0.074,0.6409999999999999,0.285,0.9757,0,0,0,0,0,0,50.0,0,4,0,2,4,9,0,0,7,0,3,0,0,1,0,15,9,8,0,3,4,0,0,1,0,1,0,3,0,0,8,6,0,0,0,5,0,2,2,2,0,0,0,4,10,7,10,8,3,7,1,2,1,0,6,3,0,3,3,53,18,1,0.0,0.0,0.0,0.0,0.0,0.0,0.0,0.0,0.0,0.0,0.0,0.0,0.0,0.0,0.0,0.196249041157208,0.0,0.0,0.0,0.0,0.0,0.0,0.0,0.0,0.0,0.0,0.0,0.0,0.0,0.0,0.0,0.0,0.0,0.3028542290835104,0.0,0.0,0.0,0.0,0.0,0.0,0.0,0.2942336574569151,0.0,0.0,0.0,0.0,0.0,0.0,0.0,0.0,0.0,0.0,0.0,0.0,0.0,0.0,0.0,0.0,0.0,0.0,0.0,0.0,0.0,0.0,0.0,0.0,0.0,0.0,0.0,0.0,0.1906089772870686,0.0,0.0,0.0,0.0,0.0,0.0,0.0,0.0,0.0,0.0,0.0,0.0,0.0,0.0,0.0,0.0,0.0,0.0,0.0,0.0,0.0,0.0,0.0,0.0,0.0,0.0,0.0,0.0,0.0,0.0,0.0,0.0,0.0,0.1934337682483541,0.0,0.0,0.2866319849484026,0.0,0.0,0.0,0.0,0.0,0.0,0.0,0.0,0.0,0.0,0.0,0.0,0.0,0.0,0.0,0.0,0.0,0.1409890203940142,0.0,0.0,0.0,0.0,0.0,0.0,0.2453463287876912,0.0,0.0,0.1926340487767852,0.0,0.0,0.0,0.0,0.0,0.0,0.0,0.0,0.0,0.0,0.0,0.0,0.0,0.0,0.0,0.0,0.0,0.0,0.0,0.0,0.0,0.0,0.0,0.0,0.0,0.0,0.0,0.0,0.0,0.0,0.0,0.0,0.0,0.0,0.0,0.0,0.0,0.0,0.0,0.0,0.2901096212192172,0.0,0.0,0.2886650738054303,0.3284751607743801,0.0,0.0,0.0,0.0,0.0,0.0,0.0,0.0,0.0,0.0,0.0,0.0,0.0,0.0,0.0,0.0,0.0,0.0,0.0,0.0,0.0,0.0,0.0,0.0,0.0,0.0,0.0,0.0,0.0,0.0,0.0,0.0,0.0,0.0,0.0,0.0,0.0,0.0,0.0,0.0,0.0,0.0,0.0,0.0,0.0,0.0,0.0,0.0,0.0,0.1959316147632304,0.0,0.0,0.0,0.0,0.0,0.0,0.0,0.0,0.0,0.0,0.0,0.0,0.0,0.2604048608757601,0.0,0.0,0.0,0.0,0.0,0.0,0.294094785329301,0.2050039092565066,0.0,0.0,0.0
depression,714seven714,2019/08/26,For any of y'all who need to vibe This is [the playlist](https://open.spotify.com/user/r4pc5x0h3ork9ljuvs7sw97qn/playlist/5D8zXuEex2aIMPYv7zKQba?si=xp9sZhuYQzWRy56cZutBDA) that I listen to. It's mostly sad rap.,12.91777777777778,17.694340592592596,2.7724074074074068,83.20083333333334,87.51851851851852,4.762962962962964,19.314814814814817,6.42735559955562,0.8099925925925922,184,4,20,2,6,38,26,27,0.147,0.853,0.0,-0.4767,0,0,0,0,0,0,17.0,0,1,0,0,0,1,0,0,1,0,1,0,0,0,0,2,3,0,0,1,0,0,0,0,0,0,0,1,0,0,4,0,0,0,0,1,0,0,0,1,0,0,0,1,2,0,4,3,1,0,0,1,0,0,3,0,0,1,0,13,6,0,0.0,0.0,0.0,0.0,0.0,0.0,0.0,0.0,0.0,0.0,0.0,0.0,0.0,0.0,0.0,0.6759069304994194,0.0,0.0,0.0,0.0,0.0,0.0,0.0,0.0,0.0,0.0,0.0,0.0,0.0,0.0,0.0,0.0,0.0,0.0,0.0,0.0,0.0,0.0,0.0,0.0,0.0,0.0,0.0,0.0,0.0,0.0,0.0,0.0,0.0,0.0,0.0,0.0,0.0,0.0,0.0,0.0,0.0,0.0,0.0,0.0,0.0,0.0,0.0,0.0,0.0,0.0,0.0,0.0,0.0,0.0,0.0,0.0,0.0,0.0,0.0,0.0,0.0,0.0,0.0,0.0,0.0,0.0,0.0,0.0,0.0,0.0,0.0,0.0,0.0,0.0,0.0,0.0,0.0,0.0,0.0,0.0,0.0,0.0,0.0,0.0,0.0,0.0,0.0,0.0,0.0,0.0,0.0,0.0,0.0,0.0,0.0,0.0,0.0,0.0,0.0,0.0,0.0,0.0,0.0,0.0,0.0,0.0,0.0,0.0,0.0,0.0,0.0,0.0,0.0,0.0,0.0,0.0,0.0,0.0,0.0,0.0,0.0,0.0,0.0,0.0,0.0,0.0,0.0,0.0,0.0,0.0,0.0,0.0,0.7369869885573646,0.0,0.0,0.0,0.0,0.0,0.0,0.0,0.0,0.0,0.0,0.0,0.0,0.0,0.0,0.0,0.0,0.0,0.0,0.0,0.0,0.0,0.0,0.0,0.0,0.0,0.0,0.0,0.0,0.0,0.0,0.0,0.0,0.0,0.0,0.0,0.0,0.0,0.0,0.0,0.0,0.0,0.0,0.0,0.0,0.0,0.0,0.0,0.0,0.0,0.0,0.0,0.0,0.0,0.0,0.0,0.0,0.0,0.0,0.0,0.0,0.0,0.0,0.0,0.0,0.0,0.0,0.0,0.0,0.0,0.0,0.0,0.0,0.0,0.0,0.0,0.0,0.0,0.0,0.0,0.0,0.0,0.0,0.0,0.0,0.0,0.0,0.0,0.0,0.0,0.0,0.0,0.0,0.0,0.0,0.0,0.0,0.0,0.0,0.0,0.0,0.0,0.0,0.0,0.0,0.0,0.0,0.0
depression,djippolito,2018/12/12,for all the sAdBois awake right now ... https://open.spotify.com/user/daniel-ippolito/playlist/2LshwNwpqEyvDKRXBZ0rtP?si=YZkNUdF8SG-sLdhKufI2wQ,58.285,73.8199175,22.845,-61.6,-1.0,6.6000000000000005,29.0,7.1686216300943375,3.00255,132,2,6,1,2,25,8,8,0.0,1.0,0.0,0.0,0,0,0,0,0,0,16.0,0,0,0,0,1,0,0,0,1,0,0,0,0,0,1,1,0,0,0,0,0,0,0,0,0,0,0,0,0,0,0,0,0,0,0,0,0,0,0,0,0,0,0,0,0,0,1,0,1,2,0,0,0,0,0,1,0,0,1,4,0,0,0.0,0.0,0.0,0.0,0.0,0.0,0.0,0.0,0.0,0.0,0.0,0.0,0.0,0.0,0.0,0.0,0.0,0.0,0.0,0.0,0.0,0.0,0.0,0.0,0.0,0.0,0.0,0.0,0.0,0.0,0.0,0.0,0.0,0.0,0.0,0.0,0.0,0.0,0.0,0.0,0.0,0.0,0.0,0.0,0.0,0.0,0.0,0.0,0.0,0.0,0.0,0.0,0.0,0.0,0.0,0.0,0.0,0.0,0.0,0.0,0.0,0.0,0.0,0.0,0.0,0.0,0.0,0.0,0.0,0.0,0.0,0.0,0.0,0.0,0.0,0.0,0.0,0.0,0.0,0.0,0.0,0.0,0.0,0.0,0.0,0.0,0.0,0.0,0.0,0.0,0.0,0.0,0.0,0.0,0.0,0.0,0.0,0.0,0.0,0.0,0.0,0.0,0.0,0.0,0.0,0.0,0.0,0.0,0.0,0.0,0.0,0.0,0.0,0.0,0.0,0.0,0.0,0.0,0.0,0.0,0.0,0.0,0.0,0.0,0.0,0.0,0.0,0.0,0.0,0.0,0.0,0.0,0.0,0.0,0.0,0.0,0.0,0.0,0.0,0.0,0.0,0.0,0.0,0.0,0.0,0.0,0.0,0.0,0.0,0.0,0.0,0.0,0.0,0.0,0.0,0.0,0.0,0.0,0.0,0.0,0.0,0.0,0.0,0.0,0.0,0.0,0.0,0.0,0.0,0.0,0.0,0.0,0.0,0.0,0.0,0.0,0.0,0.0,0.0,0.0,0.0,0.0,0.0,0.0,0.0,0.0,1.0,0.0,0.0,0.0,0.0,0.0,0.0,0.0,0.0,0.0,0.0,0.0,0.0,0.0,0.0,0.0,0.0,0.0,0.0,0.0,0.0,0.0,0.0,0.0,0.0,0.0,0.0,0.0,0.0,0.0,0.0,0.0,0.0,0.0,0.0,0.0,0.0,0.0,0.0,0.0,0.0,0.0,0.0,0.0,0.0,0.0,0.0,0.0,0.0,0.0,0.0,0.0,0.0,0.0,0.0,0.0,0.0,0.0,0.0,0.0,0.0,0.0,0.0,0.0,0.0,0.0,0.0,0.0,0.0,0.0
